{
  "complementary": {
    "colors": [
      "#4b5ec0",
      "#c0ad4b"
    ],
    "rgb_values": [
      [
        75,
        94,
        192
      ],
      [
        192,
        173,
        75
      ]
    ],
    "hsv_values": [
      [
        0.6394267984578837,
        0.6075032265668001,
        0.7550058636738238
      ],
      [
        0.13942679845788364,
        0.6075032265668001,
        0.7550058636738238
      ]
    ],
    "analysis": {
      "brightness": 0.525671614544473,
      "temperature": "cool",
      "contrast": 0.10291322164321742,
      "harmony_level": 0.20582644328643485
    },
    "harmony_type": "complementary",
    "temperature": "neutral"
  },
  "triadic": {
    "colors": [
      "#99d526",
      "#2699d5",
      "#d52699"
    ],
    "rgb_values": [
      [
        153,
        213,
        38
      ],
      [
        38,
        153,
        213
      ],
      [
        213,
        38,
        153
      ]
    ],
    "hsv_values": [
      [
        0.22321073814882275,
        0.8209413642492037,
        0.8353398974845823
      ],
      [
        0.5565440714821561,
        0.8209413642492037,
        0.8353398974845823
      ],
      [
        0.8898774048154894,
        0.8209413642492037,
        0.8353398974845823
      ]
    ],
    "analysis": {
      "brightness": 0.5291996402861532,
      "temperature": "cool",
      "contrast": 1.1102230246251565e-16,
      "harmony_level": 2.220446049250313e-16
    },
    "harmony_type": "triadic",
    "temperature": "neutral"
  },
  "analogous": {
    "colors": [
      "#c84a9b",
      "#c84a76",
      "#c84a50",
      "#c86a4a",
      "#c8904a"
    ],
    "rgb_values": [
      [
        200,
        74,
        155
      ],
      [
        200,
        74,
        118
      ],
      [
        200,
        74,
        80
      ],
      [
        200,
        106,
        74
      ],
      [
        200,
        144,
        74
      ]
    ],
    "hsv_values": [
      [
        0.8921795677048454,
        0.6260816497888249,
        0.784384363937054
      ],
      [
        0.9421795677048455,
        0.6260816497888249,
        0.784384363937054
      ],
      [
        0.9921795677048454,
        0.6260816497888249,
        0.784384363937054
      ],
      [
        0.04217956770484532,
        0.6260816497888249,
        0.784384363937054
      ],
      [
        0.09217956770484537,
        0.6260816497888249,
        0.784384363937054
      ]
    ],
    "analysis": {
      "brightness": 0.5174587752086894,
      "temperature": "warm",
      "contrast": 0.09821773132845374,
      "harmony_level": 0.19643546265690748
    },
    "harmony_type": "analogous",
    "temperature": "neutral"
  },
  "split_complementary": {
    "colors": [
      "#cc5c44",
      "#44ccbb",
      "#448bcc"
    ],
    "rgb_values": [
      [
        204,
        92,
        68
      ],
      [
        68,
        204,
        187
      ],
      [
        68,
        139,
        204
      ]
    ],
    "hsv_values": [
      [
        0.029797219438070344,
        0.665591392441081,
        0.8010710576206724
      ],
      [
        0.47979721943807035,
        0.665591392441081,
        0.8010710576206724
      ],
      [
        0.5797972194380704,
        0.665591392441081,
        0.8010710576206724
      ]
    ],
    "analysis": {
      "brightness": 0.5391454085569968,
      "temperature": "cool",
      "contrast": 0.12441006682673167,
      "harmony_level": 0.24882013365346334
    },
    "harmony_type": "split_complementary",
    "temperature": "neutral"
  },
  "tetradic": {
    "colors": [
      "#d35e48",
      "#77d348",
      "#48bdd3",
      "#a448d3"
    ],
    "rgb_values": [
      [
        211,
        94,
        72
      ],
      [
        119,
        211,
        72
      ],
      [
        72,
        189,
        211
      ],
      [
        164,
        72,
        211
      ]
    ],
    "hsv_values": [
      [
        0.026535969683863625,
        0.6596512952059945,
        0.8299768875559046
      ],
      [
        0.2765359696838636,
        0.6596512952059945,
        0.8299768875559046
      ],
      [
        0.5265359696838636,
        0.6596512952059945,
        0.8299768875559046
      ],
      [
        0.7765359696838636,
        0.6596512952059945,
        0.8299768875559046
      ]
    ],
    "analysis": {
      "brightness": 0.5562292231222583,
      "temperature": "cool",
      "contrast": 0.12438516516024656,
      "harmony_level": 0.24877033032049312
    },
    "harmony_type": "tetradic",
    "temperature": "neutral"
  },
  "monochromatic": {
    "colors": [
      "#45abd0",
      "#71c9ea",
      "#a1e5ff",
      "#c7f0ff",
      "#eefaff"
    ],
    "rgb_values": [
      [
        69,
        171,
        208
      ],
      [
        113,
        201,
        234
      ],
      [
        161,
        229,
        255
      ],
      [
        199,
        240,
        255
      ],
      [
        238,
        250,
        255
      ]
    ],
    "hsv_values": [
      [
        0.5449414806032167,
        0.666132186612209,
        0.8178531367751818
      ],
      [
        0.5449414806032167,
        0.5161321866122089,
        0.9178531367751818
      ],
      [
        0.5449414806032167,
        0.366132186612209,
        1.0
      ],
      [
        0.5449414806032167,
        0.216132186612209,
        1.0
      ],
      [
        0.5449414806032167,
        0.06613218661220899,
        1.0
      ]
    ],
    "analysis": {
      "brightness": 0.8060470021753631,
      "temperature": "cool",
      "contrast": 0.3847261613468088,
      "harmony_level": 0.7694523226936176
    },
    "harmony_type": "monochromatic",
    "temperature": "neutral"
  }
}